HTTPS,119.101.118.154,9999
HTTP,121.31.145.132,8123
HTTPS,125.123.137.194,9999
HTTPS,119.101.118.16,9999
HTTP,106.111.53.71,9999
HTTP,1.192.240.141,9999
HTTP,121.61.3.139,9999
HTTP,183.148.147.4,9999
HTTPS,113.13.177.139,9999
HTTP,171.80.136.220,9999
HTTP,27.29.76.25,9999
HTTPS,119.101.117.137,9999
HTTPS,125.123.143.109,9999
HTTPS,111.177.191.117,9999
HTTPS,119.101.117.58,9999
HTTP,119.101.115.225,9999
HTTP,119.101.117.78,9999
HTTP,58.55.138.217,9999
HTTP,27.29.95.102,9999
HTTPS,119.101.117.227,9999
HTTP,115.239.24.194,9999
HTTPS,119.101.113.133,9999
HTTP,222.217.30.15,9999
HTTPS,119.101.113.85,9999
HTTP,171.41.86.190,9999
HTTPS,119.101.117.93,9999
HTTP,119.101.113.162,9999
HTTP,110.52.235.85,9999
HTTPS,119.101.115.253,9999
HTTPS,183.148.142.82,9999
HTTPS,119.101.115.33,9999
HTTPS,183.63.123.3,56489
HTTP,114.224.44.232,9999
HTTP,113.13.160.97,9999
HTTP,110.52.235.216,9999
HTTPS,119.101.115.2,9999
HTTP,1.199.31.251,9999
HTTPS,58.50.2.246,9999
HTTPS,171.41.86.139,9999
HTTPS,119.101.116.170,9999
HTTPS,119.101.115.124,9999
HTTPS,171.41.85.213,9999
HTTPS,119.101.116.247,9999
HTTP,119.101.117.153,9999
HTTP,58.50.2.23,9999
HTTP,119.101.115.24,9999
HTTP,119.101.114.237,9999
HTTPS,223.241.78.210,8010
HTTPS,119.101.115.208,9999
HTTP,222.217.30.114,9999
HTTP,114.239.149.6,9999
HTTPS,113.13.160.30,9999
HTTPS,119.101.116.192,9999
HTTPS,223.215.186.22,9999
HTTP,119.101.118.142,9999
HTTP,119.101.113.168,9999
HTTP,113.122.169.36,9999
HTTP,119.101.115.186,9999
HTTPS,49.70.33.189,9999
HTTPS,119.101.119.82,9999
HTTPS,110.52.235.18,9999
HTTPS,58.50.1.133,9999
HTTPS,119.101.116.211,9999
HTTP,202.103.12.30,60850
HTTP,119.101.119.78,9999
HTTP,115.151.1.175,9999
HTTP,222.217.30.82,9999
HTTPS,119.101.113.184,9999
HTTP,121.61.1.113,9999
HTTPS,125.123.142.35,9999
HTTPS,119.101.117.237,9999
HTTPS,119.101.117.208,9999
HTTPS,119.101.112.49,9999
HTTPS,171.80.152.35,9999
HTTPS,119.101.118.198,9999
HTTP,119.101.118.168,9999
HTTP,171.41.82.60,9999
HTTP,171.41.80.114,9999
HTTP,119.101.118.133,9999
HTTPS,119.101.112.212,9999
HTTP,144.255.13.52,9999
HTTP,122.4.40.50,9999
HTTPS,119.101.116.62,9999
HTTPS,115.239.25.2,9999
HTTP,61.184.109.33,61320
HTTPS,119.101.115.227,9999
HTTPS,119.101.117.46,9999
HTTP,115.151.0.253,9999
HTTP,125.123.139.59,9999
HTTP,115.46.79.233,8123
HTTP,110.52.235.58,9999
HTTP,222.217.30.121,9999
HTTPS,119.101.115.234,9999
HTTP,121.61.3.124,9999
HTTPS,210.5.10.87,53281
HTTPS,115.151.2.239,9999
HTTPS,110.52.235.170,9999
HTTP,115.239.24.57,9999
HTTPS,110.52.235.102,9999
HTTPS,210.5.10.87,53281
HTTPS,115.151.2.239,9999
HTTPS,110.52.235.170,9999
HTTP,115.239.24.57,9999
HTTPS,110.52.235.102,9999
HTTPS,119.101.117.55,9999
HTTPS,119.101.113.165,9999
HTTP,110.52.235.173,9999
HTTPS,119.101.116.210,9999
HTTPS,115.151.2.98,808
HTTP,119.101.119.114,9999
HTTPS,61.145.49.126,20013
HTTPS,119.101.114.229,9999
HTTPS,119.101.118.154,9999
HTTP,121.31.145.132,8123
HTTPS,125.123.137.194,9999
HTTPS,119.101.118.16,9999
HTTP,106.111.53.71,9999
HTTP,1.192.240.141,9999
HTTP,121.61.3.139,9999
HTTP,183.148.147.4,9999
HTTPS,113.13.177.139,9999
HTTP,171.80.136.220,9999
HTTP,27.29.76.25,9999
HTTPS,119.101.117.137,9999
HTTPS,125.123.143.109,9999
HTTPS,111.177.191.117,9999
HTTPS,119.101.117.58,9999
HTTP,119.101.115.225,9999
HTTP,119.101.117.78,9999
HTTP,58.55.138.217,9999
HTTP,27.29.95.102,9999
HTTPS,119.101.117.227,9999
HTTP,115.239.24.194,9999
HTTPS,119.101.113.133,9999
HTTP,222.217.30.15,9999
HTTPS,119.101.113.85,9999
HTTP,171.41.86.190,9999
HTTPS,119.101.117.93,9999
HTTP,119.101.113.162,9999
HTTP,110.52.235.85,9999
HTTPS,119.101.115.253,9999
HTTPS,183.148.142.82,9999
HTTPS,119.101.115.33,9999
HTTPS,183.63.123.3,56489
HTTP,114.224.44.232,9999
HTTP,113.13.160.97,9999
HTTP,110.52.235.216,9999
HTTPS,119.101.115.2,9999
HTTP,1.199.31.251,9999
HTTPS,58.50.2.246,9999
HTTPS,171.41.86.139,9999
HTTPS,119.101.116.170,9999
HTTPS,119.101.115.124,9999
HTTPS,171.41.85.213,9999
HTTP,119.101.117.153,9999
HTTP,58.50.2.23,9999
HTTP,119.101.115.24,9999
HTTP,119.101.114.237,9999
HTTPS,223.241.78.210,8010
HTTPS,119.101.115.208,9999
HTTP,222.217.30.114,9999
HTTP,114.239.149.6,9999
HTTPS,113.13.160.30,9999
HTTPS,119.101.116.192,9999
HTTPS,223.215.186.22,9999
HTTP,119.101.118.142,9999
HTTP,119.101.113.168,9999
HTTP,113.122.169.36,9999
HTTP,119.101.115.186,9999
HTTPS,49.70.33.189,9999
HTTPS,119.101.119.82,9999
HTTPS,110.52.235.18,9999
HTTPS,58.50.1.133,9999
HTTPS,119.101.116.211,9999
HTTP,202.103.12.30,60850
HTTP,119.101.119.78,9999
HTTP,115.151.1.175,9999
HTTP,222.217.30.82,9999
HTTPS,119.101.113.184,9999
HTTP,121.61.1.113,9999
HTTPS,125.123.142.35,9999
HTTPS,119.101.117.237,9999
HTTPS,119.101.117.208,9999
HTTPS,119.101.112.49,9999
HTTPS,171.80.152.35,9999
HTTPS,119.101.118.198,9999
HTTP,119.101.118.168,9999
HTTP,171.41.82.60,9999
HTTP,171.41.80.114,9999
HTTP,119.101.118.133,9999
HTTPS,119.101.112.212,9999
HTTPS,119.101.113.193,9999
HTTP,144.255.13.52,9999
HTTP,122.4.40.50,9999
HTTPS,119.101.116.62,9999
HTTPS,115.239.25.2,9999
HTTP,61.184.109.33,61320
HTTPS,119.101.115.227,9999
HTTPS,119.101.117.46,9999
HTTP,115.151.0.253,9999
HTTP,125.123.139.59,9999
HTTP,115.46.79.233,8123
HTTP,110.52.235.58,9999
HTTP,222.217.30.121,9999
HTTPS,119.101.115.234,9999
HTTP,121.61.3.124,9999
HTTPS,210.5.10.87,53281
HTTPS,115.151.2.239,9999
HTTPS,110.52.235.170,9999
HTTP,115.239.24.57,9999
HTTPS,110.52.235.102,9999
HTTPS,119.101.117.55,9999
HTTPS,119.101.113.165,9999
HTTP,110.52.235.173,9999
HTTP,27.29.71.169,9999
HTTP,111.181.61.101,9999
HTTPS,119.101.116.169,9999
HTTP,180.118.135.136,9999
HTTP,121.61.2.35,9999
HTTP,222.217.30.76,9999
HTTP,119.101.114.123,9999
HTTPS,110.52.235.92,9999
HTTP,119.101.115.177,9999
HTTPS,119.101.115.198,9999
HTTPS,27.29.95.230,9999
HTTPS,119.101.113.72,9999
HTTP,121.61.0.56,9999
HTTP,119.101.117.167,9999
HTTPS,113.13.160.26,9999
HTTP,171.43.12.134,9999
HTTP,113.122.170.90,9999
HTTPS,119.101.114.84,9999
HTTP,119.101.115.247,9999
HTTPS,111.181.36.115,9999
HTTP,218.91.112.42,9999
HTTPS,119.101.114.215,9999
HTTPS,119.101.117.24,9999
HTTP,114.106.151.254,9999
HTTPS,119.101.114.76,9999
HTTPS,119.176.169.131,9999
HTTPS,119.101.113.227,9999
HTTPS,123.163.121.27,9999
HTTPS,112.85.150.215,9999
HTTPS,119.101.112.251,9999
HTTPS,115.151.4.205,9999
HTTP,119.101.117.192,9999
HTTP,49.86.16.149,9999
HTTP,112.85.174.12,9999
HTTP,117.90.252.4,9999
HTTP,111.181.49.89,9999
HTTP,110.52.235.20,9999
HTTP,119.101.115.240,9999
HTTPS,125.123.137.58,9999
HTTPS,121.225.228.71,9999
HTTPS,117.91.251.94,9999
HTTPS,49.70.48.59,9999
HTTP,114.239.150.24,808
HTTPS,119.101.115.108,9999
HTTP,113.13.177.36,9999
HTTP,222.217.30.92,9999
HTTP,221.226.163.133,9999
HTTPS,111.181.55.79,9999
HTTP,115.46.72.129,8123
HTTPS,119.101.116.15,9999
HTTPS,125.123.143.230,9999
HTTP,119.101.116.144,9999
HTTP,113.13.160.92,9999
HTTP,111.176.23.109,9999
HTTP,111.181.50.98,9999
HTTP,121.10.71.82,8118
HTTP,49.70.94.37,9999
HTTPS,119.101.113.163,9999
HTTPS,119.101.114.183,9999
HTTPS,180.118.73.150,9999
HTTP,222.217.30.27,9999
HTTP,116.7.176.29,8118
HTTP,110.52.235.62,9999
HTTPS,119.101.113.139,9999
HTTP,171.43.13.58,9999
HTTPS,111.181.36.64,9999
HTTP,58.54.137.169,9999
HTTPS,113.120.60.129,38030
HTTP,121.61.0.58,9999
HTTPS,119.101.118.89,9999
HTTPS,115.239.24.149,9999
HTTPS,120.83.99.254,9999
HTTPS,116.208.55.253,9999
HTTPS,111.176.20.64,9999
HTTP,119.101.112.42,9999
HTTPS,1.198.73.150,9999
HTTPS,112.85.174.30,9999
HTTPS,59.173.75.206,3128
HTTP,221.233.47.88,9999
HTTP,113.128.9.58,9999
HTTPS,119.101.117.72,9999
HTTPS,123.163.118.126,9999
HTTPS,123.55.101.246,9999
HTTPS,117.95.199.106,9999
HTTP,119.101.116.105,9999
HTTP,222.217.30.55,9999
HTTP,119.101.118.197,9999
HTTP,111.181.115.207,9999
HTTP,125.123.140.231,9999
HTTPS,58.55.226.88,9999
HTTPS,111.176.29.209,9999
HTTPS,119.101.112.128,9999
HTTP,114.106.135.48,9999
HTTP,119.101.112.23,9999
HTTPS,125.123.143.184,9999
HTTPS,119.101.117.5,9999
HTTP,121.61.25.157,9999
HTTPS,119.101.113.236,9999
HTTP,119.101.118.100,9999
HTTPS,59.56.168.10,9999
HTTP,119.101.116.25,9999
HTTPS,125.123.140.163,9999
HTTP,115.151.0.60,9999
HTTP,221.233.45.8,9999
HTTP,112.85.167.157,9999
HTTP,119.101.117.148,9999
HTTPS,180.118.247.135,9999
HTTPS,112.85.166.243,9999
HTTP,119.101.118.124,9999
HTTP,119.101.114.173,9999
HTTPS,180.103.38.211,9999
HTTP,119.101.113.251,9999
HTTPS,58.55.227.121,9999
HTTP,119.101.118.32,9999
HTTP,113.13.177.66,9999
HTTP,1.192.242.234,9999
HTTPS,119.101.112.148,9999
HTTP,1.198.72.110,9999
HTTPS,110.52.235.206,9999
HTTP,119.101.112.9,9999
HTTP,106.110.195.224,9999
HTTPS,119.101.118.96,9999
HTTPS,119.101.114.227,9999
HTTPS,119.101.114.75,9999
HTTPS,222.217.30.37,9999
HTTPS,121.61.2.34,9999
HTTP,121.61.0.195,9999
HTTP,112.87.70.68,9999
HTTP,113.13.160.21,9999
HTTPS,119.101.113.123,9999
HTTP,113.13.160.17,9999
HTTP,119.101.115.133,9999
HTTP,119.101.118.46,9999
HTTP,119.101.115.137,9999
HTTPS,119.101.119.41,9999
HTTPS,119.101.118.219,9999
HTTPS,119.101.116.33,9999
HTTP,119.101.114.58,9999
HTTPS,119.101.112.195,9999
HTTP,119.101.114.78,9999
HTTP,1.192.246.112,9999
HTTP,58.55.147.215,9999
HTTP,121.61.2.104,9999
HTTPS,112.85.169.241,9999
HTTP,119.101.116.111,9999
HTTPS,183.148.148.205,9999
HTTP,119.101.114.248,9999
HTTPS,119.101.113.77,9999
HTTP,112.87.68.115,9999
HTTPS,119.101.114.19,9999
HTTP,113.13.160.112,9999
HTTPS,119.101.115.172,9999
HTTPS,171.41.235.75,9999
HTTPS,119.101.116.19,9999
HTTPS,58.50.2.131,9999
HTTP,223.215.187.74,9999
HTTP,123.55.102.186,9999
HTTPS,119.101.114.236,9999
HTTPS,27.29.46.70,9999
HTTPS,114.106.150.44,9999
HTTPS,119.101.119.9,9999
HTTPS,27.29.45.111,9999
HTTP,112.85.175.71,9999
HTTP,123.163.115.51,9999
HTTP,119.101.113.200,9999
HTTP,119.101.113.202,9999
HTTPS,119.101.116.239,9999
HTTP,121.31.159.133,8123
HTTP,27.29.74.221,9999
HTTPS,119.101.112.187,9999
HTTPS,119.101.113.218,9999
HTTP,58.55.133.246,9999
HTTP,175.42.122.75,9999
HTTP,222.217.30.74,9999
HTTPS,119.101.116.46,9999
HTTPS,106.111.53.145,9999
HTTP,119.101.118.217,9999
HTTPS,110.52.235.168,9999
HTTPS,119.101.112.168,9999
HTTPS,119.101.114.105,9999
HTTP,119.101.113.180,9999
HTTP,121.61.0.108,9999
HTTP,115.221.116.188,9999
HTTP,110.52.235.84,9999
HTTPS,119.101.114.242,9999
HTTP,119.101.114.244,9999
HTTPS,1.192.246.20,9999
HTTPS,112.85.131.23,9999
HTTPS,121.61.0.174,9999
HTTPS,119.101.118.138,9999
HTTP,119.101.118.62,9999
HTTP,125.123.143.19,9999
HTTP,1.199.30.142,9999
HTTP,119.101.117.28,9999
HTTP,119.101.119.54,9999
HTTPS,112.87.69.173,9999
HTTPS,119.101.117.129,9999
HTTP,119.101.115.109,9999
HTTP,119.101.118.61,9999
HTTPS,119.101.116.90,9999
HTTP,125.126.204.143,9999
HTTP,110.52.235.212,9999
HTTP,125.126.201.56,9999
HTTP,144.123.71.14,9999
HTTPS,119.101.117.76,9999
HTTPS,222.217.30.61,9999
HTTPS,119.101.115.135,9999
HTTPS,119.101.119.33,9999
HTTPS,119.101.118.254,9999
HTTP,121.61.0.183,9999
HTTP,113.103.12.102,3128
HTTPS,119.101.113.114,9999
HTTP,119.101.117.179,9999
HTTP,113.13.160.40,9999
HTTPS,119.101.117.143,9999
HTTP,119.101.115.18,9999
HTTPS,119.101.112.249,9999
HTTPS,1.198.73.167,9999
HTTPS,119.101.115.115,9999
HTTPS,119.101.113.195,9999
HTTP,119.101.118.252,9999
HTTP,27.29.76.118,9999
HTTP,121.61.0.217,9999
HTTPS,119.101.118.207,9999
HTTPS,1.198.73.135,9999
HTTPS,111.181.34.38,9999
HTTPS,144.123.68.127,9999
HTTPS,112.87.69.151,9999
HTTPS,119.101.116.209,9999
HTTPS,119.101.118.107,9999
HTTP,110.52.235.61,9999
HTTPS,119.101.113.33,9999
HTTP,112.85.169.99,9999
HTTPS,111.160.96.34,52079
HTTP,1.197.203.188,9999
HTTPS,119.101.116.146,9999
HTTP,117.95.198.195,9999
HTTP,119.101.117.193,9999
HTTP,119.101.113.220,9999
HTTPS,119.101.117.225,9999
HTTPS,119.101.113.175,9999
HTTP,121.61.0.43,9999
HTTP,119.101.113.98,9999
HTTP,111.181.61.88,9999
HTTP,119.101.112.12,9999
HTTP,121.61.1.149,9999
HTTP,110.52.235.248,9999
HTTP,119.101.117.21,9999
HTTPS,111.181.59.11,9999
HTTPS,119.101.112.232,9999
HTTPS,113.128.11.226,9999
HTTP,222.217.30.67,9999
HTTPS,119.101.116.158,9999
HTTPS,119.101.116.47,9999
HTTP,119.101.118.134,9999
HTTP,125.123.140.176,9999
HTTP,119.101.116.7,9999
HTTPS,58.55.129.34,9999
HTTPS,119.101.114.137,9999
HTTPS,119.101.119.22,9999
HTTPS,119.101.115.51,9999
HTTP,121.61.1.57,9999
HTTPS,119.101.118.137,9999
HTTP,123.163.118.19,9999
HTTPS,110.52.235.181,9999
HTTPS,119.101.113.250,9999
HTTPS,121.233.207.38,9999
HTTPS,119.101.114.184,9999
HTTPS,121.61.0.36,9999
HTTP,119.101.116.226,9999
HTTPS,111.75.178.16,8118
HTTP,119.101.117.17,9999
HTTP,119.101.115.196,9999
HTTPS,117.95.201.166,9999
HTTP,110.52.235.196,9999
HTTPS,119.101.118.220,9999
HTTPS,119.101.113.149,9999
HTTP,119.101.115.28,9999
HTTPS,119.101.112.50,9999
HTTPS,114.106.135.106,9999
HTTPS,125.123.136.2,9999
HTTP,119.101.116.234,9999
HTTPS,112.87.71.146,9999
HTTPS,119.101.112.211,9999
HTTPS,119.101.118.141,9999
HTTPS,119.101.116.204,9999
HTTP,124.94.193.149,9999
HTTP,117.85.49.123,9999
HTTPS,119.101.117.85,9999
HTTPS,112.87.69.66,9999
HTTPS,119.101.113.75,9999
HTTPS,119.101.113.240,9999
HTTP,119.101.112.52,9999
HTTP,144.123.70.248,9999
HTTP,111.181.62.229,9999
HTTP,121.61.2.59,9999
HTTPS,110.52.235.95,9999
HTTP,119.101.115.143,9999
HTTP,121.61.3.40,9999
HTTP,112.85.167.223,9999
HTTPS,112.87.69.2,9999
HTTPS,111.181.61.168,9999
HTTPS,119.101.113.58,9999
HTTPS,119.101.112.145,9999
HTTPS,1.197.203.45,9999
HTTPS,119.101.118.143,9999
HTTP,119.101.118.225,9999
HTTPS,119.101.118.167,9999
HTTPS,222.171.251.43,40149
HTTPS,119.101.117.160,9999
HTTPS,119.101.115.87,9999
HTTP,119.101.118.170,9999
HTTP,119.101.114.158,9999
HTTPS,125.123.137.88,9999
HTTPS,119.101.116.121,9999
HTTP,119.101.115.168,9999
HTTPS,119.101.116.5,9999
HTTP,119.101.113.145,9999
HTTP,112.85.172.119,9999
HTTP,119.101.113.0,9999
HTTP,171.41.86.43,9999
HTTP,119.101.118.98,9999
HTTPS,171.41.86.193,9999
HTTPS,119.101.113.29,9999
HTTP,119.101.115.91,9999
HTTPS,119.101.118.224,9999
HTTP,119.101.117.194,9999
HTTP,175.42.123.91,9999
HTTP,125.126.194.172,9999
HTTP,112.87.68.75,9999
HTTP,121.61.1.244,9999
HTTPS,171.41.84.219,9999
HTTPS,171.41.84.72,9999
HTTP,119.101.114.108,9999
HTTPS,171.41.85.14,9999
HTTPS,121.226.130.128,9999
HTTPS,119.101.112.250,9999
HTTPS,171.41.85.131,9999
HTTPS,119.101.113.135,9999
HTTP,1.192.240.97,9999
HTTPS,121.233.207.232,9999
HTTP,182.44.220.233,9999
HTTPS,113.121.146.217,9999
HTTPS,106.122.198.248,8118
HTTPS,61.184.42.85,9999
HTTP,182.44.224.83,9999
HTTP,171.80.152.152,9999
HTTP,223.215.186.238,9999
HTTP,171.41.80.213,9999
HTTPS,119.101.114.221,9999
HTTP,121.233.207.120,9999
HTTP,171.41.81.18,9999
HTTP,112.85.172.92,9999
HTTP,119.101.118.172,9999
HTTPS,114.230.69.34,9999
HTTPS,119.101.115.190,9999
HTTPS,221.233.46.252,9999
HTTP,110.52.235.219,9999
HTTP,119.101.112.63,9999
HTTP,119.101.118.87,9999
HTTP,119.101.112.174,9999
HTTP,121.232.194.162,9999
HTTP,58.55.226.233,9999
HTTPS,111.181.116.158,9999
HTTPS,119.101.115.61,9999
HTTPS,222.189.190.110,9999
HTTP,121.61.0.162,9999
HTTP,119.101.118.3,9999
HTTPS,58.55.227.37,9999
HTTPS,119.101.119.11,9999
HTTPS,113.122.171.161,9999
HTTPS,221.233.45.3,9999
HTTP,110.52.235.73,9999
HTTP,125.123.141.210,9999
HTTP,119.101.116.65,9999
HTTP,58.55.225.56,9999
HTTPS,112.85.129.37,9999
HTTPS,119.101.113.176,9999
HTTPS,1.192.240.235,9999
HTTPS,119.102.133.233,9999
HTTP,121.61.1.33,9999
HTTPS,119.101.117.135,9999
HTTP,121.61.2.195,9999
HTTP,121.61.0.75,9999
HTTP,112.85.165.121,9999
HTTPS,183.148.155.19,9999
HTTPS,114.106.135.251,9999
HTTP,119.101.112.115,9999
HTTPS,119.101.118.60,9999
HTTP,112.85.128.100,9999
HTTP,175.42.128.124,9999
HTTP,119.101.113.233,9999
HTTP,121.61.2.56,9999
HTTP,119.101.115.92,9999
HTTPS,119.101.115.236,9999
HTTPS,27.24.215.49,57248
HTTPS,202.104.113.35,53281
HTTP,119.101.119.62,9999
HTTP,119.101.118.119,9999
HTTP,183.148.135.119,9999
HTTP,27.29.76.240,9999
HTTPS,121.61.0.191,9999
HTTPS,119.101.116.100,9999
HTTPS,119.101.113.71,9999
HTTPS,111.176.21.65,9999
HTTP,119.101.116.177,9999
HTTP,119.101.118.149,9999
HTTP,58.55.146.175,9999
HTTPS,119.101.118.140,9999
HTTPS,119.101.115.216,9999
HTTP,183.148.132.84,9999
HTTPS,49.86.178.242,9999
HTTP,119.101.117.136,9999
HTTPS,121.61.0.179,9999
HTTP,58.55.138.185,9999
HTTP,1.192.241.182,9999
HTTPS,119.101.117.203,9999
HTTP,49.86.181.91,9999
HTTPS,119.101.118.26,9999
HTTP,125.126.216.45,9999
HTTP,58.55.128.151,9999
HTTPS,27.29.75.219,9999
HTTPS,183.148.129.77,9999
HTTP,183.148.136.227,9999
HTTPS,119.101.116.118,9999
HTTP,119.101.114.15,9999
HTTPS,119.101.116.77,9999
HTTP,119.101.117.13,9999
HTTPS,223.244.252.58,45744
HTTP,119.101.113.201,9999
HTTP,1.198.73.11,9999
HTTP,119.101.118.179,9999
HTTP,58.55.132.123,9999
HTTPS,119.101.112.196,9999
HTTP,223.241.78.80,8010
HTTPS,119.101.112.172,9999
HTTP,119.101.118.17,9999
HTTPS,119.101.113.14,9999
HTTPS,111.176.29.255,9999
HTTPS,119.101.117.169,9999
HTTPS,183.148.133.225,9999
HTTPS,119.101.113.78,9999
HTTPS,119.101.118.120,9999
HTTPS,121.61.2.174,9999
HTTP,58.55.129.64,9999
HTTP,125.123.136.252,9999
HTTP,119.101.115.178,9999
HTTP,121.61.1.109,9999
HTTP,123.55.98.180,9999
HTTP,119.101.113.4,9999
HTTPS,110.52.235.118,9999
HTTP,58.55.135.110,9999
HTTPS,111.176.30.12,9999
HTTPS,171.80.153.234,9999
HTTPS,27.29.79.149,9999
HTTPS,49.86.183.97,9999
HTTPS,111.176.29.90,9999
HTTP,119.101.112.31,9999
HTTP,144.255.15.43,9999
HTTP,121.63.199.107,9999
HTTPS,119.101.115.14,9999
HTTP,119.101.118.34,9999
HTTPS,119.101.118.103,9999
HTTPS,112.85.128.38,9999
HTTPS,58.55.134.29,9999
HTTP,115.221.123.142,9999
HTTP,112.85.128.73,9999
HTTPS,119.101.114.18,9999
HTTPS,119.101.113.196,9999
HTTP,119.101.116.43,9999
HTTPS,119.101.115.147,9999
HTTP,119.101.118.129,9999
HTTPS,113.128.8.221,9999
HTTPS,119.101.116.31,9999
HTTPS,119.101.116.68,9999
HTTP,58.55.134.222,9999
HTTP,121.63.199.141,9999
HTTP,121.61.3.83,9999
HTTPS,119.101.118.5,9999
HTTP,119.101.114.191,9999
HTTPS,119.101.117.101,9999
HTTPS,1.192.240.50,9999
HTTPS,119.101.112.69,9999
HTTPS,222.217.30.18,9999
HTTP,121.61.3.228,9999
HTTP,123.163.118.86,9999
HTTPS,110.52.235.77,9999
HTTPS,119.101.117.182,9999
HTTP,120.83.106.48,9999
HTTP,1.197.204.117,9999
HTTP,119.101.118.242,9999
HTTPS,119.101.114.9,9999
HTTPS,58.55.135.161,9999
HTTPS,171.80.173.222,9999
HTTPS,112.87.71.134,9999
HTTP,119.101.116.140,9999
HTTP,119.101.114.100,9999
HTTP,119.101.112.216,9999
HTTPS,36.26.204.213,9999
HTTPS,119.101.118.2,9999
HTTP,1.192.241.15,9999
HTTP,58.55.128.21,9999
HTTP,119.101.115.139,9999
HTTPS,222.217.30.48,9999
HTTPS,58.55.132.26,9999
HTTP,119.101.112.108,9999
HTTPS,58.55.134.26,9999
HTTPS,119.101.118.162,9999
HTTPS,58.55.132.22,9999
HTTPS,119.101.112.13,9999
HTTP,119.101.112.18,9999
HTTP,112.85.130.165,9999
HTTP,121.61.1.177,9999
HTTPS,119.101.113.102,9999
HTTP,112.85.169.85,9999
HTTPS,114.239.2.190,9999
HTTPS,125.123.138.112,9999
HTTP,119.101.117.236,9999
HTTPS,119.101.116.254,9999
HTTP,1.199.31.54,9999
HTTP,125.123.141.178,9999
HTTP,125.123.141.222,9999
HTTP,58.55.130.24,9999
HTTP,119.101.116.172,9999
HTTPS,121.61.1.181,9999
HTTPS,27.29.47.19,9999
HTTPS,27.29.46.33,9999
HTTP,119.101.113.76,9999
HTTPS,111.181.58.39,9999
HTTP,111.176.30.6,9999
HTTPS,180.118.77.22,9999
HTTPS,119.101.115.179,9999
HTTP,121.31.138.203,8123
HTTPS,119.101.115.74,9999
HTTPS,125.123.143.134,9999
HTTPS,119.101.113.141,9999
HTTP,222.217.30.5,9999
HTTP,119.101.118.82,9999
HTTP,111.75.223.9,35918
HTTP,121.61.3.168,9999
HTTPS,119.101.112.171,9999
HTTP,119.101.114.101,9999
HTTPS,112.85.150.98,9999
HTTP,119.101.113.237,9999
HTTPS,119.101.112.138,9999
HTTPS,27.29.77.77,9999
HTTP,119.101.116.41,9999
HTTP,111.181.62.48,9999
HTTPS,119.101.117.97,9999
HTTP,119.101.113.186,9999
HTTPS,119.101.114.80,9999
HTTPS,1.197.203.33,9999
HTTPS,113.121.154.52,9999
HTTPS,111.181.37.99,9999
HTTP,219.139.142.201,9999
HTTP,1.192.246.119,9999
HTTP,119.101.115.222,9999
HTTPS,119.101.115.255,49204
HTTPS,121.61.1.61,9999
HTTPS,112.85.165.133,9999
HTTP,119.101.116.87,9999
HTTPS,111.181.51.222,9999
HTTPS,119.101.115.157,9999
HTTPS,119.101.112.243,9999
HTTPS,111.176.28.116,9999
HTTPS,119.101.113.224,9999
HTTP,119.101.116.141,9999
HTTP,119.101.115.52,9999
HTTPS,119.101.116.56,9999
HTTPS,119.101.112.68,9999
HTTP,119.101.112.224,9999
HTTP,121.61.1.103,9999
HTTPS,49.89.32.187,9999
HTTPS,27.29.95.142,9999
HTTPS,121.61.1.42,9999
HTTP,119.101.118.130,9999
HTTPS,119.101.118.37,9999
HTTP,125.123.140.184,9999
HTTP,119.101.118.127,9999
HTTP,183.148.151.202,9999
HTTP,121.61.3.155,9999
HTTP,125.125.211.133,9999
HTTPS,119.101.118.23,9999
HTTPS,110.52.235.97,9999
HTTPS,119.101.118.56,9999
HTTP,119.101.112.239,9999
HTTPS,119.101.112.111,9999
HTTPS,119.101.114.88,9999
HTTP,121.61.0.255,9999
HTTPS,119.101.118.183,9999
HTTPS,119.101.118.199,9999
HTTP,110.191.132.37,8081
HTTPS,119.101.115.194,9999
HTTP,110.52.235.172,9999
HTTP,119.101.115.197,9999
HTTPS,119.101.115.21,9999
HTTP,223.215.186.97,9999
HTTPS,112.87.69.138,9999
HTTP,124.94.198.144,9999
HTTP,117.70.38.198,9999
HTTP,119.101.114.211,9999
HTTP,121.61.1.204,9999
HTTP,58.55.226.180,9999
HTTPS,183.148.130.199,9999
HTTPS,119.101.116.176,9999
HTTPS,113.121.145.162,9999
HTTPS,119.101.115.252,9999
HTTPS,183.148.156.126,9999
HTTPS,121.61.1.178,9999
HTTP,119.101.112.121,9999
HTTP,58.55.228.122,9999
HTTP,115.203.123.174,9999
HTTP,119.101.117.216,9999
HTTPS,119.101.117.50,9999
HTTPS,119.101.114.33,9999
HTTP,121.61.0.192,9999
HTTP,119.101.116.224,9999
HTTPS,119.101.118.166,9999
HTTPS,119.101.112.17,9999
HTTP,58.55.146.100,9999
HTTP,119.101.117.183,9999
HTTPS,119.101.117.121,9999
HTTPS,58.55.151.211,9999
HTTP,119.101.115.189,9999
HTTP,113.122.168.135,9999
HTTP,58.54.138.175,9999
HTTPS,119.101.116.182,9999
HTTP,119.101.115.228,9999
HTTPS,171.80.154.241,9999
HTTPS,121.61.3.91,9999
HTTP,144.255.13.150,9999
HTTP,58.55.149.29,9999
HTTPS,111.176.31.204,9999
HTTP,119.101.117.86,9999
HTTPS,121.225.228.98,9999
HTTPS,171.80.152.217,9999
HTTP,58.55.145.145,9999
HTTP,110.52.235.231,9999
HTTP,58.55.151.62,9999
HTTPS,125.123.136.13,9999
HTTPS,121.61.2.118,9999
HTTPS,119.101.112.43,9999
HTTP,123.163.116.39,9999
HTTPS,144.123.68.166,9999
HTTP,119.101.115.160,9999
HTTP,119.101.117.90,9999
HTTPS,119.101.113.97,9999
HTTP,119.101.112.65,9999
HTTPS,221.226.192.189,9999
HTTPS,58.22.177.135,9999
HTTPS,113.128.8.234,25240
HTTPS,121.61.2.204,9999
HTTP,58.55.150.113,9999
HTTP,119.101.118.91,9999
HTTP,110.52.235.151,9999
HTTP,119.101.117.32,9999
HTTP,110.52.235.242,9999
HTTPS,119.101.112.229,9999
HTTP,183.15.123.97,3128
HTTPS,58.22.177.240,9999
HTTPS,121.61.1.58,9999
HTTP,121.61.2.15,9999
HTTPS,119.101.114.168,9999
HTTPS,175.155.138.250,808
HTTP,110.52.235.99,9999
HTTP,112.85.170.34,9999
HTTPS,119.101.117.248,9999
HTTPS,119.101.113.86,9999
HTTP,117.95.201.190,9999
HTTPS,119.101.115.44,9999
HTTPS,119.101.116.4,9999
HTTPS,125.123.136.191,9999
HTTPS,114.106.135.127,9999
HTTPS,119.101.118.101,9999
HTTP,119.101.117.95,9999
HTTP,119.101.114.116,9999
HTTPS,119.101.116.220,9999
HTTP,110.52.235.233,9999
HTTP,114.106.134.239,9999
HTTPS,119.101.117.0,9999
HTTP,112.85.128.20,9999
HTTP,183.148.151.9,9999
HTTP,121.61.2.74,9999
HTTP,119.101.118.132,9999
HTTP,180.118.77.10,9999
HTTP,123.131.205.128,9999
HTTPS,171.80.153.76,9999
HTTPS,119.101.117.252,9999
HTTP,58.55.147.224,9999
HTTPS,119.101.114.126,9999
HTTPS,183.148.128.233,9999
HTTPS,112.85.171.113,9999
HTTPS,113.121.156.3,9999
HTTP,119.101.116.42,9999
HTTP,119.101.118.28,9999
HTTP,121.61.3.17,9999
HTTPS,119.101.114.196,9999
HTTP,119.101.115.32,9999
HTTPS,121.233.207.162,9999
HTTPS,121.61.0.114,9999
HTTP,119.101.114.59,9999
HTTPS,119.101.115.56,9999
HTTP,125.126.201.42,9999
HTTP,119.101.113.117,9999
HTTPS,119.101.115.46,9999
HTTPS,119.101.113.101,9999
HTTPS,58.55.146.123,9999
HTTPS,110.52.235.75,9999
HTTP,183.148.133.109,9999
HTTPS,58.55.133.48,9999
HTTPS,49.86.177.193,9999
HTTPS,58.55.132.231,9999
HTTP,122.194.138.171,9999
HTTP,123.162.168.192,40274
HTTPS,58.55.133.77,9999
HTTPS,119.101.117.189,9999
HTTP,27.29.76.134,9999
HTTP,119.101.112.47,9999
HTTPS,27.54.248.42,8000
HTTPS,221.239.86.26,46164
HTTPS,121.61.0.5,9999
HTTPS,119.101.118.99,9999
HTTPS,27.29.70.109,9999
HTTPS,125.123.137.49,9999
HTTPS,125.123.140.103,9999
HTTP,112.85.167.211,9999
HTTP,58.55.134.228,9999
HTTPS,119.101.116.175,9999
HTTPS,119.101.113.143,9999
HTTPS,113.121.145.78,9999
HTTPS,58.54.136.191,9999
HTTPS,119.101.117.223,9999
HTTP,110.52.235.167,9999
HTTPS,121.31.103.1,8123
HTTPS,119.101.118.33,9999
HTTP,119.101.117.100,9999
HTTPS,119.101.116.243,9999
HTTPS,119.101.112.179,9999
HTTPS,119.101.112.192,9999
HTTPS,111.181.61.74,9999
HTTPS,171.80.152.153,9999
HTTPS,119.101.117.210,9999
HTTPS,119.101.115.132,9999
HTTP,112.98.126.100,41578
HTTPS,119.101.112.189,9999
HTTPS,121.61.2.155,9999
HTTPS,125.123.137.214,9999
HTTPS,219.139.141.61,9999
HTTP,115.46.97.169,8123
HTTP,182.44.224.157,9999
HTTPS,119.101.118.164,9999
HTTP,121.61.3.162,9999
HTTP,110.52.235.51,9999
HTTP,119.101.114.40,9999
HTTPS,111.181.56.19,9999
HTTPS,121.226.180.193,9999
HTTPS,180.118.77.29,9999
HTTP,119.101.112.223,9999
HTTPS,119.101.112.14,9999
HTTP,111.181.56.11,9999
HTTP,124.112.108.69,808
HTTPS,119.101.113.244,9999
HTTPS,59.172.27.6,53281
HTTPS,119.101.118.10,9999
HTTPS,119.101.116.162,9999
HTTPS,117.70.38.202,9999
HTTPS,119.101.116.173,9999
HTTPS,119.101.117.246,9999
HTTPS,119.101.117.221,9999
HTTP,111.181.58.180,9999
HTTPS,223.241.117.29,8010
HTTPS,220.168.52.245,55255
HTTPS,112.85.166.73,9999
HTTPS,119.101.118.250,9999
HTTPS,111.181.61.47,9999
HTTPS,121.61.0.59,9999
HTTPS,119.101.119.5,9999
HTTP,49.86.176.217,9999
HTTP,121.61.2.69,9999
HTTPS,112.85.175.19,9999
HTTPS,111.181.52.231,9999
HTTP,111.181.48.244,9999
HTTPS,175.155.140.63,1133
HTTP,119.101.118.63,9999
HTTP,110.52.235.5,9999
HTTPS,119.101.115.152,9999
HTTPS,119.101.117.226,9999
HTTPS,121.61.1.220,9999
HTTPS,117.70.39.238,9999
HTTPS,119.101.114.71,9999
HTTPS,119.101.116.217,9999
HTTPS,121.61.1.144,9999
HTTPS,119.101.117.181,9999
HTTP,121.61.2.30,9999
HTTP,113.120.63.23,9999
HTTP,125.126.211.49,9999
HTTP,119.101.117.115,9999
HTTP,110.52.235.160,9999
HTTPS,119.101.114.243,9999
HTTPS,119.101.112.106,9999
HTTPS,113.121.144.150,9999
HTTP,119.101.116.99,9999
HTTPS,119.101.112.225,9999
HTTP,144.123.71.78,9999
HTTP,61.184.41.80,9999
HTTP,49.86.182.89,9999
HTTP,58.54.136.79,9999
HTTP,121.61.0.10,9999
HTTP,119.101.115.202,9999
HTTPS,121.61.1.34,9999
HTTP,110.52.235.23,9999
HTTP,119.101.114.247,9999
HTTPS,119.101.115.43,9999
HTTPS,117.90.5.8,9999
HTTP,121.225.228.183,9999
HTTP,144.123.68.152,9999
HTTP,119.101.114.249,9999
HTTP,112.85.170.113,9999
HTTPS,221.233.47.215,9999
HTTPS,119.101.113.96,9999
HTTPS,119.101.117.111,9999
HTTPS,110.52.235.40,9999
HTTPS,119.101.115.246,9999
HTTPS,119.101.114.12,9999
HTTP,125.123.136.15,9999
HTTP,119.101.118.118,9999
HTTP,115.239.24.253,9999
HTTP,1.198.73.201,9999
HTTPS,182.44.221.171,9999
HTTPS,119.101.112.180,9999
HTTP,119.101.114.162,9999
HTTPS,123.163.118.188,9999
HTTP,110.52.235.177,9999
HTTP,112.85.150.9,9999
HTTP,110.52.235.66,9999
HTTPS,112.85.151.117,9999
HTTPS,121.61.0.249,9999
HTTPS,119.101.113.17,9999
HTTPS,121.61.1.197,9999
HTTP,121.61.1.6,9999
HTTPS,1.198.73.90,9999
HTTPS,113.122.170.208,9999
HTTPS,115.239.25.206,9999
HTTPS,119.101.114.156,9999
HTTPS,122.4.28.237,9999
HTTPS,119.101.112.119,9999
HTTPS,119.101.117.114,9999
HTTPS,119.101.112.200,9999
HTTP,222.189.191.34,9999
HTTP,110.52.235.24,9999
HTTPS,121.61.0.144,9999
HTTPS,121.61.0.141,9999
HTTPS,119.101.117.105,9999
HTTPS,112.85.131.195,9999
HTTP,124.94.199.202,9999
HTTP,125.123.143.131,9999
HTTPS,117.70.39.64,9999
HTTPS,119.101.114.38,9999
HTTP,119.101.118.173,9999
HTTPS,119.101.115.93,9999
HTTPS,119.101.115.165,9999
HTTPS,122.4.43.104,9999
HTTPS,119.101.115.251,9999
HTTP,119.101.116.151,9999
HTTPS,121.61.3.215,9999
HTTPS,119.101.113.254,9999
HTTP,121.61.2.151,9999
HTTP,121.61.3.4,9999
HTTPS,1.198.73.10,9999
HTTP,119.101.115.207,9999
HTTP,110.52.235.127,9999
HTTPS,119.101.114.79,9999
HTTP,123.55.114.145,9999
HTTP,119.101.118.151,9999
HTTP,122.194.135.221,9999
HTTPS,110.52.235.50,9999
HTTP,119.101.115.207,9999
HTTP,110.52.235.127,9999
HTTPS,119.101.114.79,9999
HTTP,123.55.114.145,9999
HTTPS,119.101.112.71,9999
HTTP,119.101.118.151,9999
HTTP,122.194.135.221,9999
HTTPS,110.52.235.50,9999
HTTPS,119.101.117.44,9999
HTTP,119.101.116.22,9999
HTTP,58.55.224.108,9999
HTTPS,119.101.112.103,9999
HTTP,119.101.114.195,9999
HTTPS,222.212.88.12,56389
HTTPS,119.101.112.170,9999
HTTPS,119.101.117.39,9999
HTTPS,119.101.116.178,9999
HTTPS,119.101.117.154,9999
HTTP,121.61.2.231,9999
HTTPS,119.101.115.111,9999
HTTPS,123.101.207.36,9999
HTTPS,1.192.240.29,9999
HTTPS,119.101.112.100,9999
HTTPS,119.101.118.182,9999
HTTPS,119.101.113.156,9999
HTTP,1.197.204.190,9999
HTTP,1.198.72.198,9999
HTTP,110.52.235.14,9999
HTTP,171.41.86.104,9999
HTTP,27.29.79.59,9999
HTTPS,171.41.86.174,9999
HTTPS,171.41.86.33,9999
HTTPS,119.101.116.218,9999
HTTPS,110.52.235.137,9999
HTTPS,119.101.115.185,9999
HTTP,119.101.112.39,9999
HTTP,110.52.235.238,9999
HTTP,183.148.134.43,9999
HTTPS,171.41.85.215,9999
HTTPS,123.188.223.168,9999
HTTPS,61.184.41.135,9999
HTTPS,121.233.206.96,9999
HTTPS,119.101.116.237,9999
HTTPS,119.101.112.214,9999
HTTP,119.101.115.89,9999
HTTP,123.188.223.248,9999
HTTP,58.55.147.247,9999
HTTPS,119.101.113.87,9999
HTTPS,119.101.116.36,9999
HTTP,125.123.138.50,9999
HTTPS,119.101.114.187,9999
HTTP,110.52.235.247,9999
HTTP,111.176.30.72,9999
HTTP,119.101.117.68,9999
HTTPS,171.41.84.185,9999
HTTP,110.52.235.150,9999
HTTPS,119.101.114.64,9999
HTTP,112.87.68.218,9999
HTTPS,110.52.235.43,9999
HTTPS,119.101.118.171,9999
HTTPS,112.85.164.176,9999
HTTPS,112.85.167.245,9999
HTTP,58.55.144.226,9999
HTTP,121.234.224.83,9999
HTTPS,119.101.113.48,9999
HTTPS,221.1.200.242,38652
HTTP,110.52.235.225,9999
HTTPS,27.29.79.226,9999
HTTPS,123.132.232.254,37638
HTTP,119.101.115.26,9999
HTTP,121.61.1.80,9999
HTTP,110.52.235.113,9999
HTTP,171.41.81.171,9999
HTTPS,119.101.116.163,9999
HTTPS,171.41.81.112,9999
HTTPS,171.41.81.241,9999
HTTPS,61.184.42.50,9999
HTTPS,58.55.133.125,9999
HTTPS,119.101.113.26,9999
HTTPS,117.84.99.79,9999
HTTP,182.44.221.132,9999
HTTPS,119.101.114.225,9999
HTTP,58.55.134.169,9999
HTTPS,1.192.244.90,9999
HTTPS,125.126.218.48,9999
HTTPS,110.52.235.245,9999
HTTPS,222.189.191.253,9999
HTTP,119.101.115.209,9999
HTTPS,119.101.117.201,9999
HTTPS,180.118.77.5,9999
HTTP,110.52.235.198,9999
HTTP,110.52.235.52,9999
HTTP,119.101.115.176,9999
HTTP,122.4.41.65,9999
HTTP,125.123.138.245,9999
HTTPS,119.101.116.101,9999
HTTPS,125.123.139.251,9999
HTTPS,183.148.153.138,9999
HTTP,110.52.235.198,9999
HTTP,110.52.235.52,9999
HTTP,119.101.115.176,9999
HTTP,122.4.41.65,9999
HTTP,125.123.138.245,9999
HTTPS,119.101.116.101,9999
HTTPS,125.123.139.251,9999
HTTPS,183.148.153.138,9999
HTTPS,119.101.112.161,9999
HTTPS,110.52.235.86,9999
HTTPS,119.101.116.214,9999
HTTPS,171.41.232.211,9999
HTTPS,119.101.117.53,9999
HTTP,122.192.184.156,9999
HTTP,117.90.252.137,9999
HTTP,58.55.134.32,9999
HTTPS,119.101.118.156,9999
HTTPS,121.61.2.108,9999
HTTP,121.61.1.122,9999
HTTP,119.101.117.40,9999
HTTPS,58.55.132.106,9999
HTTPS,119.101.117.104,9999
HTTPS,119.176.172.51,9999
HTTPS,121.61.2.140,9999
HTTP,1.192.243.100,9999
HTTP,121.61.0.90,9999
HTTP,119.101.114.159,9999
HTTP,58.55.135.102,9999
HTTPS,119.101.115.112,9999
HTTPS,121.61.0.60,9999
HTTP,119.101.118.70,9999
HTTPS,119.101.114.218,9999
HTTPS,119.101.116.98,9999
HTTP,183.148.129.19,9999
HTTP,119.101.112.80,9999
HTTPS,110.52.235.41,9999
HTTPS,125.123.141.161,9999
HTTPS,111.177.113.108,9999
HTTPS,111.181.56.23,9999
HTTPS,119.101.115.224,9999
HTTP,111.181.57.159,9999
HTTP,58.55.135.196,9999
HTTP,121.63.199.129,9999
HTTPS,180.118.77.15,9999
HTTP,125.123.142.248,9999
HTTP,111.181.32.142,9999
HTTP,1.197.203.11,9999
HTTPS,121.61.2.220,9999
HTTPS,121.61.24.62,9999
HTTPS,115.53.36.218,9999
HTTP,110.52.235.143,9999
HTTP,106.110.195.112,9999
HTTP,121.61.24.189,9999
HTTP,119.101.115.106,9999
HTTPS,112.85.129.137,9999
HTTPS,121.61.0.200,9999
HTTPS,110.52.235.121,9999
HTTPS,119.101.112.190,9999
HTTP,110.52.235.250,9999
HTTPS,119.101.117.243,9999
HTTPS,111.181.34.191,9999
HTTPS,221.226.192.98,9999
HTTPS,111.181.37.177,9999
HTTPS,1.192.243.108,9999
HTTP,119.101.112.209,9999
HTTPS,119.101.112.2,9999
HTTP,171.80.3.23,9999
HTTPS,119.101.114.189,9999
HTTP,110.52.235.133,9999
HTTP,123.188.219.111,9999
HTTP,121.61.24.22,9999
HTTP,117.95.201.156,34623
HTTPS,119.101.117.12,9999
HTTPS,110.52.235.54,9999
HTTPS,218.86.87.171,53281
HTTP,119.101.114.42,9999
HTTP,119.101.116.167,9999
HTTPS,110.52.235.67,9999
HTTP,112.85.173.29,9999
HTTP,119.101.114.60,9999
HTTPS,119.101.116.245,9999
HTTP,112.87.70.67,9999
HTTP,111.181.38.211,9999
HTTPS,111.181.39.171,9999
HTTPS,125.123.142.4,9999
HTTP,119.101.112.252,9999
HTTP,119.101.115.161,9999
HTTPS,119.101.114.11,9999
HTTP,119.101.117.103,9999
HTTP,123.188.219.53,9999
HTTPS,119.101.117.140,9999
HTTP,119.101.118.117,9999
HTTPS,27.29.69.254,9999
HTTPS,49.89.33.136,9999
HTTP,27.42.168.46,48919
HTTPS,110.52.235.192,9999
HTTPS,119.101.117.63,9999
HTTP,121.61.31.253,9999
HTTP,119.101.117.20,9999
HTTPS,119.101.117.122,9999
HTTPS,119.101.113.69,9999
HTTPS,221.233.46.167,9999
HTTPS,123.188.218.113,9999
HTTP,219.238.186.188,8118
HTTPS,119.101.116.203,9999
HTTPS,110.52.235.220,9999
HTTPS,125.123.138.119,9999
HTTPS,119.101.117.249,9999
HTTP,121.61.30.117,9999
HTTP,119.101.115.244,9999
HTTPS,58.50.0.16,9999
HTTPS,111.181.61.8,9999
HTTPS,125.126.210.125,9999
HTTP,121.225.65.33,9999
HTTPS,218.76.253.201,61408
HTTPS,58.52.137.167,9999
HTTPS,112.85.167.175,9999
HTTP,119.101.115.125,9999
HTTPS,117.88.29.228,9999
HTTP,58.52.136.253,9999
HTTP,110.52.235.106,9999
HTTP,111.181.56.177,9999
HTTP,110.73.9.165,8123
HTTP,119.101.112.240,9999
HTTPS,119.101.115.195,9999
HTTPS,114.239.110.106,9999
HTTPS,121.61.32.117,9999
HTTP,119.101.118.241,9999
HTTP,121.61.24.74,9999
HTTP,119.101.115.84,9999
HTTP,180.119.141.109,9999
HTTPS,119.101.114.182,9999
HTTPS,119.101.117.205,9999
HTTPS,117.88.29.231,9999
HTTP,119.101.114.2,9999
HTTPS,119.101.115.113,9999
HTTP,112.85.170.187,9999
HTTP,113.122.171.102,9999
HTTP,112.85.165.194,9999
HTTP,183.148.146.185,9999
HTTP,124.94.199.88,9999
HTTPS,58.56.149.198,53281
HTTPS,58.52.137.148,9999
HTTP,1.192.245.100,9999
HTTPS,110.52.235.240,9999
HTTPS,119.101.116.131,9999
HTTPS,125.123.137.136,9999
HTTPS,27.29.78.181,9999
HTTP,125.123.141.172,9999
HTTPS,119.101.112.91,9999
HTTPS,119.101.117.149,9999
HTTPS,119.101.117.108,9999
HTTP,110.52.235.163,9999
HTTPS,119.101.116.228,9999
HTTPS,119.101.117.99,9999
HTTP,110.52.235.34,9999
HTTP,125.123.139.11,9999
HTTPS,119.101.114.39,9999
HTTPS,119.101.115.98,9999
HTTP,111.176.22.44,9999
HTTPS,221.226.162.195,9999
HTTPS,125.123.140.248,9999
HTTPS,111.176.21.198,9999
HTTPS,115.46.74.208,8123
HTTP,112.85.131.19,9999
HTTPS,119.101.114.180,9999
HTTP,121.225.65.211,9999
HTTP,1.197.203.136,9999
HTTPS,119.101.114.52,9999
HTTPS,121.61.34.248,9999
HTTP,119.101.115.25,9999
HTTPS,119.101.114.240,9999
HTTPS,119.101.113.238,9999
HTTP,119.101.117.84,9999
HTTP,183.148.146.138,9999
HTTPS,171.41.86.135,9999
HTTPS,171.41.85.218,9999
HTTPS,58.55.152.248,9999
HTTPS,171.41.86.56,9999
HTTPS,119.101.112.198,9999
